filename,unique_values
BraTS-MEN-RT-0011-1_t1c_bet_mask.nii.gz,0.0|1.0
BraTS-MEN-RT-0011-1_t1c_gtv_mask.nii.gz,0.0|1.0
BraTS-MEN-RT-0020-1_t1c_bet_mask.nii.gz,0.0|1.0
BraTS-MEN-RT-0020-1_t1c_gtv_mask.nii.gz,0.0|1.0
BraTS-MEN-RT-0022-1_t1c_bet_mask.nii.gz,0.0|1.0
BraTS-MEN-RT-0022-1_t1c_gtv_mask.nii.gz,0.0|1.0
BraTS-MEN-RT-0041-1_t1c_bet_mask.nii.gz,0.0|1.0
BraTS-MEN-RT-0041-1_t1c_gtv_mask.nii.gz,0.0|1.0
BraTS-MEN-RT-0045-1_t1c_bet_mask.nii.gz,0.0|1.0
BraTS-MEN-RT-0045-1_t1c_gtv_mask.nii.gz,0.0|1.0
BraTS-MEN-RT-0053-1_t1c_bet_mask.nii.gz,0.0|1.0
BraTS-MEN-RT-0053-1_t1c_gtv_mask.nii.gz,0.0|1.0
BraTS-MEN-RT-0068-1_t1c_bet_mask.nii.gz,0.0|1.0
BraTS-MEN-RT-0068-1_t1c_gtv_mask.nii.gz,0.0|1.0
BraTS-MEN-RT-0075-1_t1c_bet_mask.nii.gz,0.0|1.0
BraTS-MEN-RT-0075-1_t1c_gtv_mask.nii.gz,0.0|1.0
BraTS-MEN-RT-0086-1_t1c_bet_mask.nii.gz,0.0|1.0
BraTS-MEN-RT-0086-1_t1c_gtv_mask.nii.gz,0.0|1.0
BraTS-MEN-RT-0087-1_t1c_bet_mask.nii.gz,0.0|1.0
BraTS-MEN-RT-0087-1_t1c_gtv_mask.nii.gz,0.0|1.0
BraTS-MEN-RT-0092-1_t1c_bet_mask.nii.gz,0.0|1.0
BraTS-MEN-RT-0092-1_t1c_gtv_mask.nii.gz,0.0|1.0
BraTS-MEN-RT-0109-1_t1c_bet_mask.nii.gz,0.0|1.0
BraTS-MEN-RT-0109-1_t1c_gtv_mask.nii.gz,0.0|1.0
BraTS-MEN-RT-0145-1_t1c_bet_mask.nii.gz,0.0|1.0
BraTS-MEN-RT-0145-1_t1c_gtv_mask.nii.gz,0.0|1.0
BraTS-MEN-RT-0163-1_t1c_bet_mask.nii.gz,0.0|1.0
BraTS-MEN-RT-0163-1_t1c_gtv_mask.nii.gz,0.0|1.0
BraTS-MEN-RT-0164-1_t1c_bet_mask.nii.gz,0.0|1.0
BraTS-MEN-RT-0164-1_t1c_gtv_mask.nii.gz,0.0|1.0
BraTS-MEN-RT-0165-1_t1c_bet_mask.nii.gz,0.0|1.0
BraTS-MEN-RT-0165-1_t1c_gtv_mask.nii.gz,0.0|1.0
BraTS-MEN-RT-0201-1_t1c_bet_mask.nii.gz,0.0|1.0
BraTS-MEN-RT-0201-1_t1c_gtv_mask.nii.gz,0.0|1.0
BraTS-MEN-RT-0214-1_t1c_bet_mask.nii.gz,0.0|1.0
BraTS-MEN-RT-0214-1_t1c_gtv_mask.nii.gz,0.0|1.0
BraTS-MEN-RT-0219-1_t1c_bet_mask.nii.gz,0.0|1.0
BraTS-MEN-RT-0219-1_t1c_gtv_mask.nii.gz,0.0|1.0
BraTS-MEN-RT-0233-1_t1c_bet_mask.nii.gz,0.0|1.0
BraTS-MEN-RT-0233-1_t1c_gtv_mask.nii.gz,0.0|1.0
BraTS-MEN-RT-0237-1_t1c_bet_mask.nii.gz,0.0|1.0
BraTS-MEN-RT-0237-1_t1c_gtv_mask.nii.gz,0.0|1.0
BraTS-MEN-RT-0238-1_t1c_bet_mask.nii.gz,0.0|1.0
BraTS-MEN-RT-0238-1_t1c_gtv_mask.nii.gz,0.0|1.0
BraTS-MEN-RT-0246-1_t1c_bet_mask.nii.gz,0.0|1.0
BraTS-MEN-RT-0246-1_t1c_gtv_mask.nii.gz,0.0|1.0
BraTS-MEN-RT-0256-1_t1c_bet_mask.nii.gz,0.0|1.0
BraTS-MEN-RT-0256-1_t1c_gtv_mask.nii.gz,0.0|1.0
BraTS-MEN-RT-0262-1_t1c_bet_mask.nii.gz,0.0|1.0
BraTS-MEN-RT-0262-1_t1c_gtv_mask.nii.gz,0.0|1.0
BraTS-MEN-RT-0264-1_t1c_bet_mask.nii.gz,0.0|1.0
BraTS-MEN-RT-0264-1_t1c_gtv_mask.nii.gz,0.0|1.0
BraTS-MEN-RT-0287-1_t1c_bet_mask.nii.gz,0.0|1.0
BraTS-MEN-RT-0287-1_t1c_gtv_mask.nii.gz,0.0|1.0
BraTS-MEN-RT-0288-1_t1c_bet_mask.nii.gz,0.0|1.0
BraTS-MEN-RT-0288-1_t1c_gtv_mask.nii.gz,0.0|1.0
BraTS-MEN-RT-0304-1_t1c_bet_mask.nii.gz,0.0|1.0
BraTS-MEN-RT-0304-1_t1c_gtv_mask.nii.gz,0.0|1.0
BraTS-MEN-RT-0320-1_t1c_bet_mask.nii.gz,0.0|1.0
BraTS-MEN-RT-0320-1_t1c_gtv_mask.nii.gz,0.0|1.0
BraTS-MEN-RT-0323-1_t1c_bet_mask.nii.gz,0.0|1.0
BraTS-MEN-RT-0323-1_t1c_gtv_mask.nii.gz,0.0|1.0
BraTS-MEN-RT-0327-1_t1c_bet_mask.nii.gz,0.0|1.0
BraTS-MEN-RT-0327-1_t1c_gtv_mask.nii.gz,0.0|1.0
BraTS-MEN-RT-0349-1_t1c_bet_mask.nii.gz,0.0|1.0
BraTS-MEN-RT-0349-1_t1c_gtv_mask.nii.gz,0.0|1.0
BraTS-MEN-RT-0367-1_t1c_bet_mask.nii.gz,0.0|1.0
BraTS-MEN-RT-0367-1_t1c_gtv_mask.nii.gz,0.0|1.0
BraTS-MEN-RT-0371-1_t1c_bet_mask.nii.gz,0.0|1.0
BraTS-MEN-RT-0371-1_t1c_gtv_mask.nii.gz,0.0|1.0
BraTS-MEN-RT-0385-1_t1c_bet_mask.nii.gz,0.0|1.0
BraTS-MEN-RT-0385-1_t1c_gtv_mask.nii.gz,0.0|1.0
BraTS-MEN-RT-0398-1_t1c_bet_mask.nii.gz,0.0|1.0
BraTS-MEN-RT-0398-1_t1c_gtv_mask.nii.gz,0.0|1.0
BraTS-MEN-RT-0403-1_t1c_bet_mask.nii.gz,0.0|1.0
BraTS-MEN-RT-0403-1_t1c_gtv_mask.nii.gz,0.0|1.0
BraTS-MEN-RT-0416-1_t1c_bet_mask.nii.gz,0.0|1.0
BraTS-MEN-RT-0416-1_t1c_gtv_mask.nii.gz,0.0|1.0
BraTS-MEN-RT-0501-1_t1c_bet_mask.nii.gz,0.0|1.0
BraTS-MEN-RT-0501-1_t1c_gtv_mask.nii.gz,0.0|1.0
BraTS-MEN-RT-0502-1_t1c_bet_mask.nii.gz,0.0|1.0
BraTS-MEN-RT-0502-1_t1c_gtv_mask.nii.gz,0.0|1.0
BraTS-MEN-RT-0514-1_t1c_bet_mask.nii.gz,0.0|1.0
BraTS-MEN-RT-0514-1_t1c_gtv_mask.nii.gz,0.0|1.0
BraTS-MEN-RT-0523-1_t1c_bet_mask.nii.gz,0.0|1.0
BraTS-MEN-RT-0523-1_t1c_gtv_mask.nii.gz,0.0|1.0
BraTS-MEN-RT-0529-1_t1c_bet_mask.nii.gz,0.0|1.0
BraTS-MEN-RT-0529-1_t1c_gtv_mask.nii.gz,0.0|1.0
BraTS-MEN-RT-0568-1_t1c_bet_mask.nii.gz,0.0|1.0
BraTS-MEN-RT-0568-1_t1c_gtv_mask.nii.gz,0.0|1.0
BraTS-MEN-RT-0575-1_t1c_bet_mask.nii.gz,0.0|1.0
BraTS-MEN-RT-0575-1_t1c_gtv_mask.nii.gz,0.0|1.0
BraTS-MEN-RT-0577-1_t1c_bet_mask.nii.gz,0.0|1.0
BraTS-MEN-RT-0577-1_t1c_gtv_mask.nii.gz,0.0|1.0
BraTS-MEN-RT-0581-1_t1c_bet_mask.nii.gz,0.0|1.0
BraTS-MEN-RT-0581-1_t1c_gtv_mask.nii.gz,0.0|1.0
BraTS-MEN-RT-0592-1_t1c_bet_mask.nii.gz,0.0|1.0
BraTS-MEN-RT-0592-1_t1c_gtv_mask.nii.gz,0.0|1.0
BraTS-MEN-RT-0610-1_t1c_bet_mask.nii.gz,0.0|1.0
BraTS-MEN-RT-0610-1_t1c_gtv_mask.nii.gz,0.0|1.0
BraTS-MEN-RT-0002-1_t1c_bet_mask.nii.gz,0.0|1.0
BraTS-MEN-RT-0002-1_t1c_gtv_mask.nii.gz,0.0|1.0
BraTS-MEN-RT-0003-1_t1c_bet_mask.nii.gz,0.0|1.0
BraTS-MEN-RT-0003-1_t1c_gtv_mask.nii.gz,0.0|1.0
BraTS-MEN-RT-0004-1_t1c_bet_mask.nii.gz,0.0|1.0
BraTS-MEN-RT-0004-1_t1c_gtv_mask.nii.gz,0.0|1.0
BraTS-MEN-RT-0005-1_t1c_bet_mask.nii.gz,0.0|1.0
BraTS-MEN-RT-0005-1_t1c_gtv_mask.nii.gz,0.0|1.0
BraTS-MEN-RT-0006-1_t1c_bet_mask.nii.gz,0.0|1.0
BraTS-MEN-RT-0006-1_t1c_gtv_mask.nii.gz,0.0|1.0
BraTS-MEN-RT-0007-1_t1c_bet_mask.nii.gz,0.0|1.0
BraTS-MEN-RT-0007-1_t1c_gtv_mask.nii.gz,0.0|1.0
BraTS-MEN-RT-0009-1_t1c_bet_mask.nii.gz,0.0|1.0
BraTS-MEN-RT-0009-1_t1c_gtv_mask.nii.gz,0.0|1.0
BraTS-MEN-RT-0015-1_t1c_bet_mask.nii.gz,0.0|1.0
BraTS-MEN-RT-0015-1_t1c_gtv_mask.nii.gz,0.0|1.0
BraTS-MEN-RT-0016-1_t1c_bet_mask.nii.gz,0.0|1.0
BraTS-MEN-RT-0016-1_t1c_gtv_mask.nii.gz,0.0|1.0
BraTS-MEN-RT-0017-1_t1c_bet_mask.nii.gz,0.0|1.0
BraTS-MEN-RT-0017-1_t1c_gtv_mask.nii.gz,0.0|1.0
BraTS-MEN-RT-0018-1_t1c_bet_mask.nii.gz,0.0|1.0
BraTS-MEN-RT-0018-1_t1c_gtv_mask.nii.gz,0.0|1.0
BraTS-MEN-RT-0023-1_t1c_bet_mask.nii.gz,0.0|1.0
BraTS-MEN-RT-0023-1_t1c_gtv_mask.nii.gz,0.0|1.0
BraTS-MEN-RT-0024-1_t1c_bet_mask.nii.gz,0.0|1.0
BraTS-MEN-RT-0024-1_t1c_gtv_mask.nii.gz,0.0|1.0
BraTS-MEN-RT-0026-1_t1c_bet_mask.nii.gz,0.0|1.0
BraTS-MEN-RT-0026-1_t1c_gtv_mask.nii.gz,0.0|1.0
BraTS-MEN-RT-0029-1_t1c_bet_mask.nii.gz,0.0|1.0
BraTS-MEN-RT-0029-1_t1c_gtv_mask.nii.gz,0.0|1.0
BraTS-MEN-RT-0030-1_t1c_bet_mask.nii.gz,0.0|1.0
BraTS-MEN-RT-0030-1_t1c_gtv_mask.nii.gz,0.0|1.0
BraTS-MEN-RT-0031-1_t1c_bet_mask.nii.gz,0.0|1.0
BraTS-MEN-RT-0031-1_t1c_gtv_mask.nii.gz,0.0|1.0
BraTS-MEN-RT-0033-1_t1c_bet_mask.nii.gz,0.0|1.0
BraTS-MEN-RT-0033-1_t1c_gtv_mask.nii.gz,0.0|1.0
BraTS-MEN-RT-0035-1_t1c_bet_mask.nii.gz,0.0|1.0
BraTS-MEN-RT-0035-1_t1c_gtv_mask.nii.gz,0.0|1.0
BraTS-MEN-RT-0037-1_t1c_bet_mask.nii.gz,0.0|1.0
BraTS-MEN-RT-0037-1_t1c_gtv_mask.nii.gz,0.0|1.0
BraTS-MEN-RT-0044-1_t1c_bet_mask.nii.gz,0.0|1.0
BraTS-MEN-RT-0044-1_t1c_gtv_mask.nii.gz,0.0|1.0
BraTS-MEN-RT-0046-1_t1c_bet_mask.nii.gz,0.0|1.0
BraTS-MEN-RT-0046-1_t1c_gtv_mask.nii.gz,0.0|1.0
BraTS-MEN-RT-0048-1_t1c_bet_mask.nii.gz,0.0|1.0
BraTS-MEN-RT-0048-1_t1c_gtv_mask.nii.gz,0.0|1.0
BraTS-MEN-RT-0051-1_t1c_bet_mask.nii.gz,0.0|1.0
BraTS-MEN-RT-0051-1_t1c_gtv_mask.nii.gz,0.0|1.0
BraTS-MEN-RT-0052-1_t1c_bet_mask.nii.gz,0.0|1.0
BraTS-MEN-RT-0052-1_t1c_gtv_mask.nii.gz,0.0|1.0
BraTS-MEN-RT-0054-1_t1c_bet_mask.nii.gz,0.0|1.0
BraTS-MEN-RT-0054-1_t1c_gtv_mask.nii.gz,0.0|1.0
BraTS-MEN-RT-0055-1_t1c_bet_mask.nii.gz,0.0|1.0
BraTS-MEN-RT-0055-1_t1c_gtv_mask.nii.gz,0.0|1.0
BraTS-MEN-RT-0056-1_t1c_bet_mask.nii.gz,0.0|1.0
BraTS-MEN-RT-0056-1_t1c_gtv_mask.nii.gz,0.0|1.0
BraTS-MEN-RT-0057-1_t1c_bet_mask.nii.gz,0.0|1.0
BraTS-MEN-RT-0057-1_t1c_gtv_mask.nii.gz,0.0|1.0
BraTS-MEN-RT-0058-1_t1c_bet_mask.nii.gz,0.0|1.0
BraTS-MEN-RT-0058-1_t1c_gtv_mask.nii.gz,0.0|1.0
BraTS-MEN-RT-0059-1_t1c_bet_mask.nii.gz,0.0|1.0
BraTS-MEN-RT-0059-1_t1c_gtv_mask.nii.gz,0.0|1.0
BraTS-MEN-RT-0060-1_t1c_bet_mask.nii.gz,0.0|1.0
BraTS-MEN-RT-0060-1_t1c_gtv_mask.nii.gz,0.0|1.0
BraTS-MEN-RT-0062-1_t1c_bet_mask.nii.gz,0.0|1.0
BraTS-MEN-RT-0062-1_t1c_gtv_mask.nii.gz,0.0|1.0
BraTS-MEN-RT-0063-1_t1c_bet_mask.nii.gz,0.0|1.0
BraTS-MEN-RT-0063-1_t1c_gtv_mask.nii.gz,0.0|1.0
BraTS-MEN-RT-0064-1_t1c_bet_mask.nii.gz,0.0|1.0
BraTS-MEN-RT-0064-1_t1c_gtv_mask.nii.gz,0.0|1.0
BraTS-MEN-RT-0065-1_t1c_bet_mask.nii.gz,0.0|1.0
BraTS-MEN-RT-0065-1_t1c_gtv_mask.nii.gz,0.0|1.0
BraTS-MEN-RT-0066-1_t1c_bet_mask.nii.gz,0.0|1.0
BraTS-MEN-RT-0066-1_t1c_gtv_mask.nii.gz,0.0|1.0
BraTS-MEN-RT-0067-1_t1c_bet_mask.nii.gz,0.0|1.0
BraTS-MEN-RT-0067-1_t1c_gtv_mask.nii.gz,0.0|1.0
BraTS-MEN-RT-0069-1_t1c_bet_mask.nii.gz,0.0|1.0
BraTS-MEN-RT-0069-1_t1c_gtv_mask.nii.gz,0.0|1.0
BraTS-MEN-RT-0070-1_t1c_bet_mask.nii.gz,0.0|1.0
BraTS-MEN-RT-0070-1_t1c_gtv_mask.nii.gz,0.0|1.0
BraTS-MEN-RT-0071-1_t1c_bet_mask.nii.gz,0.0|1.0
BraTS-MEN-RT-0071-1_t1c_gtv_mask.nii.gz,0.0|1.0
BraTS-MEN-RT-0072-1_t1c_bet_mask.nii.gz,0.0|1.0
BraTS-MEN-RT-0072-1_t1c_gtv_mask.nii.gz,0.0|1.0
BraTS-MEN-RT-0073-1_t1c_bet_mask.nii.gz,0.0|1.0
BraTS-MEN-RT-0073-1_t1c_gtv_mask.nii.gz,0.0|1.0
BraTS-MEN-RT-0074-1_t1c_bet_mask.nii.gz,0.0|1.0
BraTS-MEN-RT-0074-1_t1c_gtv_mask.nii.gz,0.0|1.0
BraTS-MEN-RT-0076-1_t1c_bet_mask.nii.gz,0.0|1.0
BraTS-MEN-RT-0076-1_t1c_gtv_mask.nii.gz,0.0|1.0
BraTS-MEN-RT-0077-1_t1c_bet_mask.nii.gz,0.0|1.0
BraTS-MEN-RT-0077-1_t1c_gtv_mask.nii.gz,0.0|1.0
BraTS-MEN-RT-0078-1_t1c_bet_mask.nii.gz,0.0|1.0
BraTS-MEN-RT-0078-1_t1c_gtv_mask.nii.gz,0.0|1.0
BraTS-MEN-RT-0079-1_t1c_bet_mask.nii.gz,0.0|1.0
BraTS-MEN-RT-0079-1_t1c_gtv_mask.nii.gz,0.0|1.0
BraTS-MEN-RT-0080-1_t1c_bet_mask.nii.gz,0.0|1.0
BraTS-MEN-RT-0080-1_t1c_gtv_mask.nii.gz,0.0|1.0
BraTS-MEN-RT-0081-1_t1c_bet_mask.nii.gz,0.0|1.0
BraTS-MEN-RT-0081-1_t1c_gtv_mask.nii.gz,0.0|1.0
BraTS-MEN-RT-0082-1_t1c_bet_mask.nii.gz,0.0|1.0
BraTS-MEN-RT-0082-1_t1c_gtv_mask.nii.gz,0.0|1.0
BraTS-MEN-RT-0084-1_t1c_bet_mask.nii.gz,0.0|1.0
BraTS-MEN-RT-0084-1_t1c_gtv_mask.nii.gz,0.0|1.0
BraTS-MEN-RT-0085-1_t1c_bet_mask.nii.gz,0.0|1.0
BraTS-MEN-RT-0085-1_t1c_gtv_mask.nii.gz,0.0|1.0
BraTS-MEN-RT-0088-1_t1c_bet_mask.nii.gz,0.0|1.0
BraTS-MEN-RT-0088-1_t1c_gtv_mask.nii.gz,0.0|1.0
BraTS-MEN-RT-0089-1_t1c_bet_mask.nii.gz,0.0|1.0
BraTS-MEN-RT-0089-1_t1c_gtv_mask.nii.gz,0.0|1.0
BraTS-MEN-RT-0091-1_t1c_bet_mask.nii.gz,0.0|1.0
BraTS-MEN-RT-0091-1_t1c_gtv_mask.nii.gz,0.0|1.0
BraTS-MEN-RT-0093-1_t1c_bet_mask.nii.gz,0.0|1.0
BraTS-MEN-RT-0093-1_t1c_gtv_mask.nii.gz,0.0|1.0
BraTS-MEN-RT-0094-1_t1c_bet_mask.nii.gz,0.0|1.0
BraTS-MEN-RT-0094-1_t1c_gtv_mask.nii.gz,0.0|1.0
BraTS-MEN-RT-0097-1_t1c_bet_mask.nii.gz,0.0|1.0
BraTS-MEN-RT-0097-1_t1c_gtv_mask.nii.gz,0.0|1.0
BraTS-MEN-RT-0099-1_t1c_bet_mask.nii.gz,0.0|1.0
BraTS-MEN-RT-0099-1_t1c_gtv_mask.nii.gz,0.0|1.0
BraTS-MEN-RT-0101-1_t1c_bet_mask.nii.gz,0.0|1.0
BraTS-MEN-RT-0101-1_t1c_gtv_mask.nii.gz,0.0|1.0
BraTS-MEN-RT-0102-1_t1c_bet_mask.nii.gz,0.0|1.0
BraTS-MEN-RT-0102-1_t1c_gtv_mask.nii.gz,0.0|1.0
BraTS-MEN-RT-0103-1_t1c_bet_mask.nii.gz,0.0|1.0
BraTS-MEN-RT-0103-1_t1c_gtv_mask.nii.gz,0.0|1.0
BraTS-MEN-RT-0104-1_t1c_bet_mask.nii.gz,0.0|1.0
BraTS-MEN-RT-0104-1_t1c_gtv_mask.nii.gz,0.0|1.0
BraTS-MEN-RT-0105-1_t1c_bet_mask.nii.gz,0.0|1.0
BraTS-MEN-RT-0105-1_t1c_gtv_mask.nii.gz,0.0|1.0
BraTS-MEN-RT-0106-1_t1c_bet_mask.nii.gz,0.0|1.0
BraTS-MEN-RT-0106-1_t1c_gtv_mask.nii.gz,0.0|1.0
BraTS-MEN-RT-0107-1_t1c_bet_mask.nii.gz,0.0|1.0
BraTS-MEN-RT-0107-1_t1c_gtv_mask.nii.gz,0.0|1.0
BraTS-MEN-RT-0110-1_t1c_bet_mask.nii.gz,0.0|1.0
BraTS-MEN-RT-0110-1_t1c_gtv_mask.nii.gz,0.0|1.0
BraTS-MEN-RT-0112-1_t1c_bet_mask.nii.gz,0.0|1.0
BraTS-MEN-RT-0112-1_t1c_gtv_mask.nii.gz,0.0|1.0
BraTS-MEN-RT-0113-1_t1c_bet_mask.nii.gz,0.0|1.0
BraTS-MEN-RT-0113-1_t1c_gtv_mask.nii.gz,0.0|1.0
BraTS-MEN-RT-0114-1_t1c_bet_mask.nii.gz,0.0|1.0
BraTS-MEN-RT-0114-1_t1c_gtv_mask.nii.gz,0.0|1.0
BraTS-MEN-RT-0116-1_t1c_bet_mask.nii.gz,0.0|1.0
BraTS-MEN-RT-0116-1_t1c_gtv_mask.nii.gz,0.0|1.0
BraTS-MEN-RT-0117-1_t1c_bet_mask.nii.gz,0.0|1.0
BraTS-MEN-RT-0117-1_t1c_gtv_mask.nii.gz,0.0|1.0
BraTS-MEN-RT-0119-1_t1c_bet_mask.nii.gz,0.0|1.0
BraTS-MEN-RT-0119-1_t1c_gtv_mask.nii.gz,0.0|1.0
BraTS-MEN-RT-0120-1_t1c_bet_mask.nii.gz,0.0|1.0
BraTS-MEN-RT-0120-1_t1c_gtv_mask.nii.gz,0.0|1.0
BraTS-MEN-RT-0122-1_t1c_bet_mask.nii.gz,0.0|1.0
BraTS-MEN-RT-0122-1_t1c_gtv_mask.nii.gz,0.0|1.0
BraTS-MEN-RT-0124-1_t1c_bet_mask.nii.gz,0.0|1.0
BraTS-MEN-RT-0124-1_t1c_gtv_mask.nii.gz,0.0|1.0
BraTS-MEN-RT-0125-1_t1c_bet_mask.nii.gz,0.0|1.0
BraTS-MEN-RT-0125-1_t1c_gtv_mask.nii.gz,0.0|1.0
BraTS-MEN-RT-0126-1_t1c_bet_mask.nii.gz,0.0|1.0
BraTS-MEN-RT-0126-1_t1c_gtv_mask.nii.gz,0.0|1.0
BraTS-MEN-RT-0127-1_t1c_bet_mask.nii.gz,0.0|1.0
BraTS-MEN-RT-0127-1_t1c_gtv_mask.nii.gz,0.0|1.0
BraTS-MEN-RT-0128-1_t1c_bet_mask.nii.gz,0.0|1.0
BraTS-MEN-RT-0128-1_t1c_gtv_mask.nii.gz,0.0|1.0
BraTS-MEN-RT-0129-1_t1c_bet_mask.nii.gz,0.0|1.0
BraTS-MEN-RT-0129-1_t1c_gtv_mask.nii.gz,0.0|1.0
BraTS-MEN-RT-0130-1_t1c_bet_mask.nii.gz,0.0|1.0
BraTS-MEN-RT-0130-1_t1c_gtv_mask.nii.gz,0.0|1.0
BraTS-MEN-RT-0131-1_t1c_bet_mask.nii.gz,0.0|1.0
BraTS-MEN-RT-0131-1_t1c_gtv_mask.nii.gz,0.0|1.0
BraTS-MEN-RT-0132-1_t1c_bet_mask.nii.gz,0.0|1.0
BraTS-MEN-RT-0132-1_t1c_gtv_mask.nii.gz,0.0|1.0
BraTS-MEN-RT-0134-1_t1c_bet_mask.nii.gz,0.0|1.0
BraTS-MEN-RT-0134-1_t1c_gtv_mask.nii.gz,0.0|1.0
BraTS-MEN-RT-0136-1_t1c_bet_mask.nii.gz,0.0|1.0
BraTS-MEN-RT-0136-1_t1c_gtv_mask.nii.gz,0.0|1.0
BraTS-MEN-RT-0137-1_t1c_bet_mask.nii.gz,0.0|1.0
BraTS-MEN-RT-0137-1_t1c_gtv_mask.nii.gz,0.0|1.0
BraTS-MEN-RT-0140-1_t1c_bet_mask.nii.gz,0.0|1.0
BraTS-MEN-RT-0140-1_t1c_gtv_mask.nii.gz,0.0|1.0
BraTS-MEN-RT-0141-1_t1c_bet_mask.nii.gz,0.0|1.0
BraTS-MEN-RT-0141-1_t1c_gtv_mask.nii.gz,0.0|1.0
BraTS-MEN-RT-0142-1_t1c_bet_mask.nii.gz,0.0|1.0
BraTS-MEN-RT-0142-1_t1c_gtv_mask.nii.gz,0.0|1.0
BraTS-MEN-RT-0143-1_t1c_bet_mask.nii.gz,0.0|1.0
BraTS-MEN-RT-0143-1_t1c_gtv_mask.nii.gz,0.0|1.0
BraTS-MEN-RT-0144-1_t1c_bet_mask.nii.gz,0.0|1.0
BraTS-MEN-RT-0144-1_t1c_gtv_mask.nii.gz,0.0|1.0
BraTS-MEN-RT-0146-1_t1c_bet_mask.nii.gz,0.0|1.0
BraTS-MEN-RT-0146-1_t1c_gtv_mask.nii.gz,0.0|1.0
BraTS-MEN-RT-0147-1_t1c_bet_mask.nii.gz,0.0|1.0
BraTS-MEN-RT-0147-1_t1c_gtv_mask.nii.gz,0.0|1.0
BraTS-MEN-RT-0148-1_t1c_bet_mask.nii.gz,0.0|1.0
BraTS-MEN-RT-0148-1_t1c_gtv_mask.nii.gz,0.0|1.0
BraTS-MEN-RT-0149-1_t1c_bet_mask.nii.gz,0.0|1.0
BraTS-MEN-RT-0149-1_t1c_gtv_mask.nii.gz,0.0|1.0
BraTS-MEN-RT-0150-1_t1c_bet_mask.nii.gz,0.0|1.0
BraTS-MEN-RT-0150-1_t1c_gtv_mask.nii.gz,0.0|1.0
BraTS-MEN-RT-0151-1_t1c_bet_mask.nii.gz,0.0|1.0
BraTS-MEN-RT-0151-1_t1c_gtv_mask.nii.gz,0.0|1.0
BraTS-MEN-RT-0153-1_t1c_bet_mask.nii.gz,0.0|1.0
BraTS-MEN-RT-0153-1_t1c_gtv_mask.nii.gz,0.0|1.0
BraTS-MEN-RT-0154-1_t1c_bet_mask.nii.gz,0.0|1.0
BraTS-MEN-RT-0154-1_t1c_gtv_mask.nii.gz,0.0|1.0
BraTS-MEN-RT-0155-1_t1c_bet_mask.nii.gz,0.0|1.0
BraTS-MEN-RT-0155-1_t1c_gtv_mask.nii.gz,0.0|1.0
BraTS-MEN-RT-0156-1_t1c_bet_mask.nii.gz,0.0|1.0
BraTS-MEN-RT-0156-1_t1c_gtv_mask.nii.gz,0.0|1.0
BraTS-MEN-RT-0157-1_t1c_bet_mask.nii.gz,0.0|1.0
BraTS-MEN-RT-0157-1_t1c_gtv_mask.nii.gz,0.0|1.0
BraTS-MEN-RT-0158-1_t1c_bet_mask.nii.gz,0.0|1.0
BraTS-MEN-RT-0158-1_t1c_gtv_mask.nii.gz,0.0|1.0
BraTS-MEN-RT-0159-1_t1c_bet_mask.nii.gz,0.0|1.0
BraTS-MEN-RT-0159-1_t1c_gtv_mask.nii.gz,0.0|1.0
BraTS-MEN-RT-0160-1_t1c_bet_mask.nii.gz,0.0|1.0
BraTS-MEN-RT-0160-1_t1c_gtv_mask.nii.gz,0.0|1.0
BraTS-MEN-RT-0161-1_t1c_bet_mask.nii.gz,0.0|1.0
BraTS-MEN-RT-0161-1_t1c_gtv_mask.nii.gz,0.0|1.0
BraTS-MEN-RT-0166-1_t1c_bet_mask.nii.gz,0.0|1.0
BraTS-MEN-RT-0166-1_t1c_gtv_mask.nii.gz,0.0|1.0
BraTS-MEN-RT-0167-1_t1c_bet_mask.nii.gz,0.0|1.0
BraTS-MEN-RT-0167-1_t1c_gtv_mask.nii.gz,0.0|1.0
BraTS-MEN-RT-0168-1_t1c_bet_mask.nii.gz,0.0|1.0
BraTS-MEN-RT-0168-1_t1c_gtv_mask.nii.gz,0.0|1.0
BraTS-MEN-RT-0171-1_t1c_bet_mask.nii.gz,0.0|1.0
BraTS-MEN-RT-0171-1_t1c_gtv_mask.nii.gz,0.0|1.0
BraTS-MEN-RT-0173-1_t1c_bet_mask.nii.gz,0.0|1.0
BraTS-MEN-RT-0173-1_t1c_gtv_mask.nii.gz,0.0|1.0
BraTS-MEN-RT-0174-1_t1c_bet_mask.nii.gz,0.0|1.0
BraTS-MEN-RT-0174-1_t1c_gtv_mask.nii.gz,0.0|1.0
BraTS-MEN-RT-0175-1_t1c_bet_mask.nii.gz,0.0|1.0
BraTS-MEN-RT-0175-1_t1c_gtv_mask.nii.gz,0.0|1.0
BraTS-MEN-RT-0176-1_t1c_bet_mask.nii.gz,0.0|1.0
BraTS-MEN-RT-0176-1_t1c_gtv_mask.nii.gz,0.0|1.0
BraTS-MEN-RT-0177-1_t1c_bet_mask.nii.gz,0.0|1.0
BraTS-MEN-RT-0177-1_t1c_gtv_mask.nii.gz,0.0|1.0
BraTS-MEN-RT-0178-1_t1c_bet_mask.nii.gz,0.0|1.0
BraTS-MEN-RT-0178-1_t1c_gtv_mask.nii.gz,0.0|1.0
BraTS-MEN-RT-0179-1_t1c_bet_mask.nii.gz,0.0|1.0
BraTS-MEN-RT-0179-1_t1c_gtv_mask.nii.gz,0.0|1.0
BraTS-MEN-RT-0180-1_t1c_bet_mask.nii.gz,0.0|1.0
BraTS-MEN-RT-0180-1_t1c_gtv_mask.nii.gz,0.0|1.0
BraTS-MEN-RT-0181-1_t1c_bet_mask.nii.gz,0.0|1.0
BraTS-MEN-RT-0181-1_t1c_gtv_mask.nii.gz,0.0|1.0
BraTS-MEN-RT-0184-1_t1c_bet_mask.nii.gz,0.0|1.0
BraTS-MEN-RT-0184-1_t1c_gtv_mask.nii.gz,0.0|1.0
BraTS-MEN-RT-0185-1_t1c_bet_mask.nii.gz,0.0|1.0
BraTS-MEN-RT-0185-1_t1c_gtv_mask.nii.gz,0.0|1.0
BraTS-MEN-RT-0188-1_t1c_bet_mask.nii.gz,0.0|1.0
BraTS-MEN-RT-0188-1_t1c_gtv_mask.nii.gz,0.0|1.0
BraTS-MEN-RT-0189-1_t1c_bet_mask.nii.gz,0.0|1.0
BraTS-MEN-RT-0189-1_t1c_gtv_mask.nii.gz,0.0|1.0
BraTS-MEN-RT-0190-1_t1c_bet_mask.nii.gz,0.0|1.0
BraTS-MEN-RT-0190-1_t1c_gtv_mask.nii.gz,0.0|1.0
BraTS-MEN-RT-0191-1_t1c_bet_mask.nii.gz,0.0|1.0
BraTS-MEN-RT-0191-1_t1c_gtv_mask.nii.gz,0.0|1.0
BraTS-MEN-RT-0192-1_t1c_bet_mask.nii.gz,0.0|1.0
BraTS-MEN-RT-0192-1_t1c_gtv_mask.nii.gz,0.0|1.0
BraTS-MEN-RT-0193-1_t1c_bet_mask.nii.gz,0.0|1.0
BraTS-MEN-RT-0193-1_t1c_gtv_mask.nii.gz,0.0|1.0
BraTS-MEN-RT-0196-1_t1c_bet_mask.nii.gz,0.0|1.0
BraTS-MEN-RT-0196-1_t1c_gtv_mask.nii.gz,0.0|1.0
BraTS-MEN-RT-0197-1_t1c_bet_mask.nii.gz,0.0|1.0
BraTS-MEN-RT-0197-1_t1c_gtv_mask.nii.gz,0.0|1.0
BraTS-MEN-RT-0198-1_t1c_bet_mask.nii.gz,0.0|1.0
BraTS-MEN-RT-0198-1_t1c_gtv_mask.nii.gz,0.0|1.0
BraTS-MEN-RT-0199-1_t1c_bet_mask.nii.gz,0.0|1.0
BraTS-MEN-RT-0199-1_t1c_gtv_mask.nii.gz,0.0|1.0
BraTS-MEN-RT-0200-1_t1c_bet_mask.nii.gz,0.0|1.0
BraTS-MEN-RT-0200-1_t1c_gtv_mask.nii.gz,0.0|1.0
BraTS-MEN-RT-0202-1_t1c_bet_mask.nii.gz,0.0|1.0
BraTS-MEN-RT-0202-1_t1c_gtv_mask.nii.gz,0.0|1.0
BraTS-MEN-RT-0203-1_t1c_bet_mask.nii.gz,0.0|1.0
BraTS-MEN-RT-0203-1_t1c_gtv_mask.nii.gz,0.0|1.0
BraTS-MEN-RT-0206-1_t1c_bet_mask.nii.gz,0.0|1.0
BraTS-MEN-RT-0206-1_t1c_gtv_mask.nii.gz,0.0|1.0
BraTS-MEN-RT-0208-1_t1c_bet_mask.nii.gz,0.0|1.0
BraTS-MEN-RT-0208-1_t1c_gtv_mask.nii.gz,0.0|1.0
BraTS-MEN-RT-0209-1_t1c_bet_mask.nii.gz,0.0|1.0
BraTS-MEN-RT-0209-1_t1c_gtv_mask.nii.gz,0.0|1.0
BraTS-MEN-RT-0210-1_t1c_bet_mask.nii.gz,0.0|1.0
BraTS-MEN-RT-0210-1_t1c_gtv_mask.nii.gz,0.0|1.0
BraTS-MEN-RT-0211-1_t1c_bet_mask.nii.gz,0.0|1.0
BraTS-MEN-RT-0211-1_t1c_gtv_mask.nii.gz,0.0|1.0
BraTS-MEN-RT-0212-1_t1c_bet_mask.nii.gz,0.0|1.0
BraTS-MEN-RT-0212-1_t1c_gtv_mask.nii.gz,0.0|1.0
BraTS-MEN-RT-0215-1_t1c_bet_mask.nii.gz,0.0|1.0
BraTS-MEN-RT-0215-1_t1c_gtv_mask.nii.gz,0.0|1.0
BraTS-MEN-RT-0216-1_t1c_bet_mask.nii.gz,0.0|1.0
BraTS-MEN-RT-0216-1_t1c_gtv_mask.nii.gz,0.0|1.0
BraTS-MEN-RT-0217-1_t1c_bet_mask.nii.gz,0.0|1.0
BraTS-MEN-RT-0217-1_t1c_gtv_mask.nii.gz,0.0|1.0
BraTS-MEN-RT-0220-1_t1c_bet_mask.nii.gz,0.0|1.0
BraTS-MEN-RT-0220-1_t1c_gtv_mask.nii.gz,0.0|1.0
BraTS-MEN-RT-0221-1_t1c_bet_mask.nii.gz,0.0|1.0
BraTS-MEN-RT-0221-1_t1c_gtv_mask.nii.gz,0.0|1.0
BraTS-MEN-RT-0222-1_t1c_bet_mask.nii.gz,0.0|1.0
BraTS-MEN-RT-0222-1_t1c_gtv_mask.nii.gz,0.0|1.0
BraTS-MEN-RT-0223-1_t1c_bet_mask.nii.gz,0.0|1.0
BraTS-MEN-RT-0223-1_t1c_gtv_mask.nii.gz,0.0|1.0
BraTS-MEN-RT-0224-1_t1c_bet_mask.nii.gz,0.0|1.0
BraTS-MEN-RT-0224-1_t1c_gtv_mask.nii.gz,0.0|1.0
BraTS-MEN-RT-0225-1_t1c_bet_mask.nii.gz,0.0|1.0
BraTS-MEN-RT-0225-1_t1c_gtv_mask.nii.gz,0.0|1.0
BraTS-MEN-RT-0226-1_t1c_bet_mask.nii.gz,0.0|1.0
BraTS-MEN-RT-0226-1_t1c_gtv_mask.nii.gz,0.0|1.0
BraTS-MEN-RT-0227-1_t1c_bet_mask.nii.gz,0.0|1.0
BraTS-MEN-RT-0227-1_t1c_gtv_mask.nii.gz,0.0|1.0
BraTS-MEN-RT-0229-1_t1c_bet_mask.nii.gz,0.0|1.0
BraTS-MEN-RT-0229-1_t1c_gtv_mask.nii.gz,0.0|1.0
BraTS-MEN-RT-0230-1_t1c_bet_mask.nii.gz,0.0|1.0
BraTS-MEN-RT-0230-1_t1c_gtv_mask.nii.gz,0.0|1.0
BraTS-MEN-RT-0232-1_t1c_bet_mask.nii.gz,0.0|1.0
BraTS-MEN-RT-0232-1_t1c_gtv_mask.nii.gz,0.0|1.0
BraTS-MEN-RT-0234-1_t1c_bet_mask.nii.gz,0.0|1.0
BraTS-MEN-RT-0234-1_t1c_gtv_mask.nii.gz,0.0|1.0
BraTS-MEN-RT-0235-1_t1c_bet_mask.nii.gz,0.0|1.0
BraTS-MEN-RT-0235-1_t1c_gtv_mask.nii.gz,0.0|1.0
BraTS-MEN-RT-0236-1_t1c_bet_mask.nii.gz,0.0|1.0
BraTS-MEN-RT-0236-1_t1c_gtv_mask.nii.gz,0.0|1.0
BraTS-MEN-RT-0241-1_t1c_bet_mask.nii.gz,0.0|1.0
BraTS-MEN-RT-0241-1_t1c_gtv_mask.nii.gz,0.0|1.0
BraTS-MEN-RT-0247-1_t1c_bet_mask.nii.gz,0.0|1.0
BraTS-MEN-RT-0247-1_t1c_gtv_mask.nii.gz,0.0|1.0
BraTS-MEN-RT-0249-1_t1c_bet_mask.nii.gz,0.0|1.0
BraTS-MEN-RT-0249-1_t1c_gtv_mask.nii.gz,0.0|1.0
BraTS-MEN-RT-0250-1_t1c_bet_mask.nii.gz,0.0|1.0
BraTS-MEN-RT-0250-1_t1c_gtv_mask.nii.gz,0.0|1.0
BraTS-MEN-RT-0251-1_t1c_bet_mask.nii.gz,0.0|1.0
BraTS-MEN-RT-0251-1_t1c_gtv_mask.nii.gz,0.0|1.0
BraTS-MEN-RT-0252-1_t1c_bet_mask.nii.gz,0.0|1.0
BraTS-MEN-RT-0252-1_t1c_gtv_mask.nii.gz,0.0|1.0
BraTS-MEN-RT-0255-1_t1c_bet_mask.nii.gz,0.0|1.0
BraTS-MEN-RT-0255-1_t1c_gtv_mask.nii.gz,0.0|1.0
BraTS-MEN-RT-0257-1_t1c_bet_mask.nii.gz,0.0|1.0
BraTS-MEN-RT-0257-1_t1c_gtv_mask.nii.gz,0.0|1.0
BraTS-MEN-RT-0258-1_t1c_bet_mask.nii.gz,0.0|1.0
BraTS-MEN-RT-0258-1_t1c_gtv_mask.nii.gz,0.0|1.0
BraTS-MEN-RT-0260-1_t1c_bet_mask.nii.gz,0.0|1.0
BraTS-MEN-RT-0260-1_t1c_gtv_mask.nii.gz,0.0|1.0
BraTS-MEN-RT-0263-1_t1c_bet_mask.nii.gz,0.0|1.0
BraTS-MEN-RT-0263-1_t1c_gtv_mask.nii.gz,0.0|1.0
BraTS-MEN-RT-0268-1_t1c_bet_mask.nii.gz,0.0|1.0
BraTS-MEN-RT-0268-1_t1c_gtv_mask.nii.gz,0.0|1.0
BraTS-MEN-RT-0270-1_t1c_bet_mask.nii.gz,0.0|1.0
BraTS-MEN-RT-0270-1_t1c_gtv_mask.nii.gz,0.0|1.0
BraTS-MEN-RT-0271-1_t1c_bet_mask.nii.gz,0.0|1.0
BraTS-MEN-RT-0271-1_t1c_gtv_mask.nii.gz,0.0|1.0
BraTS-MEN-RT-0273-1_t1c_bet_mask.nii.gz,0.0|1.0
BraTS-MEN-RT-0273-1_t1c_gtv_mask.nii.gz,0.0|1.0
BraTS-MEN-RT-0274-1_t1c_bet_mask.nii.gz,0.0|1.0
BraTS-MEN-RT-0274-1_t1c_gtv_mask.nii.gz,0.0|1.0
BraTS-MEN-RT-0275-1_t1c_bet_mask.nii.gz,0.0|1.0
BraTS-MEN-RT-0275-1_t1c_gtv_mask.nii.gz,0.0|1.0
BraTS-MEN-RT-0279-1_t1c_bet_mask.nii.gz,0.0|1.0
BraTS-MEN-RT-0279-1_t1c_gtv_mask.nii.gz,0.0|1.0
BraTS-MEN-RT-0280-1_t1c_bet_mask.nii.gz,0.0|1.0
BraTS-MEN-RT-0280-1_t1c_gtv_mask.nii.gz,0.0|1.0
BraTS-MEN-RT-0281-1_t1c_bet_mask.nii.gz,0.0|1.0
BraTS-MEN-RT-0281-1_t1c_gtv_mask.nii.gz,0.0|1.0
BraTS-MEN-RT-0282-1_t1c_bet_mask.nii.gz,0.0|1.0
BraTS-MEN-RT-0282-1_t1c_gtv_mask.nii.gz,0.0|1.0
BraTS-MEN-RT-0283-1_t1c_bet_mask.nii.gz,0.0|1.0
BraTS-MEN-RT-0283-1_t1c_gtv_mask.nii.gz,0.0|1.0
BraTS-MEN-RT-0284-1_t1c_bet_mask.nii.gz,0.0|1.0
BraTS-MEN-RT-0284-1_t1c_gtv_mask.nii.gz,0.0|1.0
BraTS-MEN-RT-0285-1_t1c_bet_mask.nii.gz,0.0|1.0
BraTS-MEN-RT-0285-1_t1c_gtv_mask.nii.gz,0.0|1.0
BraTS-MEN-RT-0286-1_t1c_bet_mask.nii.gz,0.0|1.0
BraTS-MEN-RT-0286-1_t1c_gtv_mask.nii.gz,0.0|1.0
BraTS-MEN-RT-0289-1_t1c_bet_mask.nii.gz,0.0|1.0
BraTS-MEN-RT-0289-1_t1c_gtv_mask.nii.gz,0.0|1.0
BraTS-MEN-RT-0290-1_t1c_bet_mask.nii.gz,0.0|1.0
BraTS-MEN-RT-0290-1_t1c_gtv_mask.nii.gz,0.0|1.0
BraTS-MEN-RT-0294-1_t1c_bet_mask.nii.gz,0.0|1.0
BraTS-MEN-RT-0294-1_t1c_gtv_mask.nii.gz,0.0|1.0
BraTS-MEN-RT-0295-1_t1c_bet_mask.nii.gz,0.0|1.0
BraTS-MEN-RT-0295-1_t1c_gtv_mask.nii.gz,0.0|1.0
BraTS-MEN-RT-0297-1_t1c_bet_mask.nii.gz,0.0|1.0
BraTS-MEN-RT-0297-1_t1c_gtv_mask.nii.gz,0.0|1.0
BraTS-MEN-RT-0298-1_t1c_bet_mask.nii.gz,0.0|1.0
BraTS-MEN-RT-0298-1_t1c_gtv_mask.nii.gz,0.0|1.0
BraTS-MEN-RT-0299-1_t1c_bet_mask.nii.gz,0.0|1.0
BraTS-MEN-RT-0299-1_t1c_gtv_mask.nii.gz,0.0|1.0
BraTS-MEN-RT-0300-1_t1c_bet_mask.nii.gz,0.0|1.0
BraTS-MEN-RT-0300-1_t1c_gtv_mask.nii.gz,0.0|1.0
BraTS-MEN-RT-0301-1_t1c_bet_mask.nii.gz,0.0|1.0
BraTS-MEN-RT-0301-1_t1c_gtv_mask.nii.gz,0.0|1.0
BraTS-MEN-RT-0302-1_t1c_bet_mask.nii.gz,0.0|1.0
BraTS-MEN-RT-0302-1_t1c_gtv_mask.nii.gz,0.0|1.0
BraTS-MEN-RT-0303-1_t1c_bet_mask.nii.gz,0.0|1.0
BraTS-MEN-RT-0303-1_t1c_gtv_mask.nii.gz,0.0|1.0
BraTS-MEN-RT-0305-1_t1c_bet_mask.nii.gz,0.0|1.0
BraTS-MEN-RT-0305-1_t1c_gtv_mask.nii.gz,0.0|1.0
BraTS-MEN-RT-0306-1_t1c_bet_mask.nii.gz,0.0|1.0
BraTS-MEN-RT-0306-1_t1c_gtv_mask.nii.gz,0.0|1.0
BraTS-MEN-RT-0309-1_t1c_bet_mask.nii.gz,0.0|1.0
BraTS-MEN-RT-0309-1_t1c_gtv_mask.nii.gz,0.0|1.0
BraTS-MEN-RT-0310-1_t1c_bet_mask.nii.gz,0.0|1.0
BraTS-MEN-RT-0310-1_t1c_gtv_mask.nii.gz,0.0|1.0
BraTS-MEN-RT-0311-1_t1c_bet_mask.nii.gz,0.0|1.0
BraTS-MEN-RT-0311-1_t1c_gtv_mask.nii.gz,0.0|1.0
BraTS-MEN-RT-0312-1_t1c_bet_mask.nii.gz,0.0|1.0
BraTS-MEN-RT-0312-1_t1c_gtv_mask.nii.gz,0.0|1.0
BraTS-MEN-RT-0313-1_t1c_bet_mask.nii.gz,0.0|1.0
BraTS-MEN-RT-0313-1_t1c_gtv_mask.nii.gz,0.0|1.0
BraTS-MEN-RT-0314-1_t1c_bet_mask.nii.gz,0.0|1.0
BraTS-MEN-RT-0314-1_t1c_gtv_mask.nii.gz,0.0|1.0
BraTS-MEN-RT-0315-1_t1c_bet_mask.nii.gz,0.0|1.0
BraTS-MEN-RT-0315-1_t1c_gtv_mask.nii.gz,0.0|1.0
BraTS-MEN-RT-0316-1_t1c_bet_mask.nii.gz,0.0|1.0
BraTS-MEN-RT-0316-1_t1c_gtv_mask.nii.gz,0.0|1.0
BraTS-MEN-RT-0317-1_t1c_bet_mask.nii.gz,0.0|1.0
BraTS-MEN-RT-0317-1_t1c_gtv_mask.nii.gz,0.0|1.0
BraTS-MEN-RT-0318-1_t1c_bet_mask.nii.gz,0.0|1.0
BraTS-MEN-RT-0318-1_t1c_gtv_mask.nii.gz,0.0|1.0
BraTS-MEN-RT-0319-1_t1c_bet_mask.nii.gz,0.0|1.0
BraTS-MEN-RT-0319-1_t1c_gtv_mask.nii.gz,0.0|1.0
BraTS-MEN-RT-0321-1_t1c_bet_mask.nii.gz,0.0|1.0
BraTS-MEN-RT-0321-1_t1c_gtv_mask.nii.gz,0.0|1.0
BraTS-MEN-RT-0322-1_t1c_bet_mask.nii.gz,0.0|1.0
BraTS-MEN-RT-0322-1_t1c_gtv_mask.nii.gz,0.0|1.0
BraTS-MEN-RT-0325-1_t1c_bet_mask.nii.gz,0.0|1.0
BraTS-MEN-RT-0325-1_t1c_gtv_mask.nii.gz,0.0|1.0
BraTS-MEN-RT-0326-1_t1c_bet_mask.nii.gz,0.0|1.0
BraTS-MEN-RT-0326-1_t1c_gtv_mask.nii.gz,0.0|1.0
BraTS-MEN-RT-0330-1_t1c_bet_mask.nii.gz,0.0|1.0
BraTS-MEN-RT-0330-1_t1c_gtv_mask.nii.gz,0.0|1.0
BraTS-MEN-RT-0332-1_t1c_bet_mask.nii.gz,0.0|1.0
BraTS-MEN-RT-0332-1_t1c_gtv_mask.nii.gz,0.0|1.0
BraTS-MEN-RT-0335-1_t1c_bet_mask.nii.gz,0.0|1.0
BraTS-MEN-RT-0335-1_t1c_gtv_mask.nii.gz,0.0|1.0
BraTS-MEN-RT-0336-1_t1c_bet_mask.nii.gz,0.0|1.0
BraTS-MEN-RT-0336-1_t1c_gtv_mask.nii.gz,0.0|1.0
BraTS-MEN-RT-0338-1_t1c_bet_mask.nii.gz,0.0|1.0
BraTS-MEN-RT-0338-1_t1c_gtv_mask.nii.gz,0.0|1.0
BraTS-MEN-RT-0339-1_t1c_bet_mask.nii.gz,0.0|1.0
BraTS-MEN-RT-0339-1_t1c_gtv_mask.nii.gz,0.0|1.0
BraTS-MEN-RT-0340-1_t1c_bet_mask.nii.gz,0.0|1.0
BraTS-MEN-RT-0340-1_t1c_gtv_mask.nii.gz,0.0|1.0
BraTS-MEN-RT-0342-1_t1c_bet_mask.nii.gz,0.0|1.0
BraTS-MEN-RT-0342-1_t1c_gtv_mask.nii.gz,0.0|1.0
BraTS-MEN-RT-0344-1_t1c_bet_mask.nii.gz,0.0|1.0
BraTS-MEN-RT-0344-1_t1c_gtv_mask.nii.gz,0.0|1.0
BraTS-MEN-RT-0347-1_t1c_bet_mask.nii.gz,0.0|1.0
BraTS-MEN-RT-0347-1_t1c_gtv_mask.nii.gz,0.0|1.0
BraTS-MEN-RT-0350-1_t1c_bet_mask.nii.gz,0.0|1.0
BraTS-MEN-RT-0350-1_t1c_gtv_mask.nii.gz,0.0|1.0
BraTS-MEN-RT-0351-1_t1c_bet_mask.nii.gz,0.0|1.0
BraTS-MEN-RT-0351-1_t1c_gtv_mask.nii.gz,0.0|1.0
BraTS-MEN-RT-0354-1_t1c_bet_mask.nii.gz,0.0|1.0
BraTS-MEN-RT-0354-1_t1c_gtv_mask.nii.gz,0.0|1.0
BraTS-MEN-RT-0355-1_t1c_bet_mask.nii.gz,0.0|1.0
BraTS-MEN-RT-0355-1_t1c_gtv_mask.nii.gz,0.0|1.0
BraTS-MEN-RT-0356-1_t1c_bet_mask.nii.gz,0.0|1.0
BraTS-MEN-RT-0356-1_t1c_gtv_mask.nii.gz,0.0|1.0
BraTS-MEN-RT-0358-1_t1c_bet_mask.nii.gz,0.0|1.0
BraTS-MEN-RT-0358-1_t1c_gtv_mask.nii.gz,0.0|1.0
BraTS-MEN-RT-0360-1_t1c_bet_mask.nii.gz,0.0|1.0
BraTS-MEN-RT-0360-1_t1c_gtv_mask.nii.gz,0.0|1.0
BraTS-MEN-RT-0361-1_t1c_bet_mask.nii.gz,0.0|1.0
BraTS-MEN-RT-0361-1_t1c_gtv_mask.nii.gz,0.0|1.0
BraTS-MEN-RT-0363-1_t1c_bet_mask.nii.gz,0.0|1.0
BraTS-MEN-RT-0363-1_t1c_gtv_mask.nii.gz,0.0|1.0
BraTS-MEN-RT-0365-1_t1c_bet_mask.nii.gz,0.0|1.0
BraTS-MEN-RT-0365-1_t1c_gtv_mask.nii.gz,0.0|1.0
BraTS-MEN-RT-0369-1_t1c_bet_mask.nii.gz,0.0|1.0
BraTS-MEN-RT-0369-1_t1c_gtv_mask.nii.gz,0.0|1.0
BraTS-MEN-RT-0370-1_t1c_bet_mask.nii.gz,0.0|1.0
BraTS-MEN-RT-0370-1_t1c_gtv_mask.nii.gz,0.0|1.0
BraTS-MEN-RT-0372-1_t1c_bet_mask.nii.gz,0.0|1.0
BraTS-MEN-RT-0372-1_t1c_gtv_mask.nii.gz,0.0|1.0
BraTS-MEN-RT-0373-1_t1c_bet_mask.nii.gz,0.0|1.0
BraTS-MEN-RT-0373-1_t1c_gtv_mask.nii.gz,0.0|1.0
BraTS-MEN-RT-0374-1_t1c_bet_mask.nii.gz,0.0|1.0
BraTS-MEN-RT-0374-1_t1c_gtv_mask.nii.gz,0.0|1.0
BraTS-MEN-RT-0375-1_t1c_bet_mask.nii.gz,0.0|1.0
BraTS-MEN-RT-0375-1_t1c_gtv_mask.nii.gz,0.0|1.0
BraTS-MEN-RT-0377-1_t1c_bet_mask.nii.gz,0.0|1.0
BraTS-MEN-RT-0377-1_t1c_gtv_mask.nii.gz,0.0|1.0
BraTS-MEN-RT-0378-1_t1c_bet_mask.nii.gz,0.0|1.0
BraTS-MEN-RT-0378-1_t1c_gtv_mask.nii.gz,0.0|1.0
BraTS-MEN-RT-0380-1_t1c_bet_mask.nii.gz,0.0|1.0
BraTS-MEN-RT-0380-1_t1c_gtv_mask.nii.gz,0.0|1.0
BraTS-MEN-RT-0382-1_t1c_bet_mask.nii.gz,0.0|1.0
BraTS-MEN-RT-0382-1_t1c_gtv_mask.nii.gz,0.0|1.0
BraTS-MEN-RT-0383-1_t1c_bet_mask.nii.gz,0.0|1.0
BraTS-MEN-RT-0383-1_t1c_gtv_mask.nii.gz,0.0|1.0
BraTS-MEN-RT-0384-1_t1c_bet_mask.nii.gz,0.0|1.0
BraTS-MEN-RT-0384-1_t1c_gtv_mask.nii.gz,0.0|1.0
BraTS-MEN-RT-0387-1_t1c_bet_mask.nii.gz,0.0|1.0
BraTS-MEN-RT-0387-1_t1c_gtv_mask.nii.gz,0.0|1.0
BraTS-MEN-RT-0388-1_t1c_bet_mask.nii.gz,0.0|1.0
BraTS-MEN-RT-0388-1_t1c_gtv_mask.nii.gz,0.0|1.0
BraTS-MEN-RT-0390-1_t1c_bet_mask.nii.gz,0.0|1.0
BraTS-MEN-RT-0390-1_t1c_gtv_mask.nii.gz,0.0|1.0
BraTS-MEN-RT-0391-1_t1c_bet_mask.nii.gz,0.0|1.0
BraTS-MEN-RT-0391-1_t1c_gtv_mask.nii.gz,0.0|1.0
BraTS-MEN-RT-0392-1_t1c_bet_mask.nii.gz,0.0|1.0
BraTS-MEN-RT-0392-1_t1c_gtv_mask.nii.gz,0.0|1.0
BraTS-MEN-RT-0393-1_t1c_bet_mask.nii.gz,0.0|1.0
BraTS-MEN-RT-0393-1_t1c_gtv_mask.nii.gz,0.0|1.0
BraTS-MEN-RT-0394-1_t1c_bet_mask.nii.gz,0.0|1.0
BraTS-MEN-RT-0394-1_t1c_gtv_mask.nii.gz,0.0|1.0
BraTS-MEN-RT-0395-1_t1c_bet_mask.nii.gz,0.0|1.0
BraTS-MEN-RT-0395-1_t1c_gtv_mask.nii.gz,0.0|1.0
BraTS-MEN-RT-0397-1_t1c_bet_mask.nii.gz,0.0|1.0
BraTS-MEN-RT-0397-1_t1c_gtv_mask.nii.gz,0.0|1.0
BraTS-MEN-RT-0400-1_t1c_bet_mask.nii.gz,0.0|1.0
BraTS-MEN-RT-0400-1_t1c_gtv_mask.nii.gz,0.0|1.0
BraTS-MEN-RT-0401-1_t1c_bet_mask.nii.gz,0.0|1.0
BraTS-MEN-RT-0401-1_t1c_gtv_mask.nii.gz,0.0|1.0
BraTS-MEN-RT-0402-1_t1c_bet_mask.nii.gz,0.0|1.0
BraTS-MEN-RT-0402-1_t1c_gtv_mask.nii.gz,0.0|1.0
BraTS-MEN-RT-0405-1_t1c_bet_mask.nii.gz,0.0|1.0
BraTS-MEN-RT-0405-1_t1c_gtv_mask.nii.gz,0.0|1.0
BraTS-MEN-RT-0406-1_t1c_bet_mask.nii.gz,0.0|1.0
BraTS-MEN-RT-0406-1_t1c_gtv_mask.nii.gz,0.0|1.0
BraTS-MEN-RT-0409-1_t1c_bet_mask.nii.gz,0.0|1.0
BraTS-MEN-RT-0409-1_t1c_gtv_mask.nii.gz,0.0|1.0
BraTS-MEN-RT-0410-1_t1c_bet_mask.nii.gz,0.0|1.0
BraTS-MEN-RT-0410-1_t1c_gtv_mask.nii.gz,0.0|1.0
BraTS-MEN-RT-0411-1_t1c_bet_mask.nii.gz,0.0|1.0
BraTS-MEN-RT-0411-1_t1c_gtv_mask.nii.gz,0.0|1.0
BraTS-MEN-RT-0412-1_t1c_bet_mask.nii.gz,0.0|1.0
BraTS-MEN-RT-0412-1_t1c_gtv_mask.nii.gz,0.0|1.0
BraTS-MEN-RT-0413-1_t1c_bet_mask.nii.gz,0.0|1.0
BraTS-MEN-RT-0413-1_t1c_gtv_mask.nii.gz,0.0|1.0
BraTS-MEN-RT-0414-1_t1c_bet_mask.nii.gz,0.0|1.0
BraTS-MEN-RT-0414-1_t1c_gtv_mask.nii.gz,0.0|1.0
BraTS-MEN-RT-0415-1_t1c_bet_mask.nii.gz,0.0|1.0
BraTS-MEN-RT-0415-1_t1c_gtv_mask.nii.gz,0.0|1.0
BraTS-MEN-RT-0418-1_t1c_bet_mask.nii.gz,0.0|1.0
BraTS-MEN-RT-0418-1_t1c_gtv_mask.nii.gz,0.0|1.0
BraTS-MEN-RT-0419-1_t1c_bet_mask.nii.gz,0.0|1.0
BraTS-MEN-RT-0419-1_t1c_gtv_mask.nii.gz,0.0|1.0
BraTS-MEN-RT-0420-1_t1c_bet_mask.nii.gz,0.0|1.0
BraTS-MEN-RT-0420-1_t1c_gtv_mask.nii.gz,0.0|1.0
BraTS-MEN-RT-0421-1_t1c_bet_mask.nii.gz,0.0|1.0
BraTS-MEN-RT-0421-1_t1c_gtv_mask.nii.gz,0.0|1.0
BraTS-MEN-RT-0422-1_t1c_bet_mask.nii.gz,0.0|1.0
BraTS-MEN-RT-0422-1_t1c_gtv_mask.nii.gz,0.0|1.0
BraTS-MEN-RT-0423-1_t1c_bet_mask.nii.gz,0.0|1.0
BraTS-MEN-RT-0423-1_t1c_gtv_mask.nii.gz,0.0|1.0
BraTS-MEN-RT-0424-1_t1c_bet_mask.nii.gz,0.0|1.0
BraTS-MEN-RT-0424-1_t1c_gtv_mask.nii.gz,0.0|1.0
BraTS-MEN-RT-0425-1_t1c_bet_mask.nii.gz,0.0|1.0
BraTS-MEN-RT-0425-1_t1c_gtv_mask.nii.gz,0.0|1.0
BraTS-MEN-RT-0426-1_t1c_bet_mask.nii.gz,0.0|1.0
BraTS-MEN-RT-0426-1_t1c_gtv_mask.nii.gz,0.0|1.0
BraTS-MEN-RT-0429-1_t1c_bet_mask.nii.gz,0.0|1.0
BraTS-MEN-RT-0429-1_t1c_gtv_mask.nii.gz,0.0|1.0
BraTS-MEN-RT-0430-1_t1c_bet_mask.nii.gz,0.0|1.0
BraTS-MEN-RT-0430-1_t1c_gtv_mask.nii.gz,0.0|1.0
BraTS-MEN-RT-0431-1_t1c_bet_mask.nii.gz,0.0|1.0
BraTS-MEN-RT-0431-1_t1c_gtv_mask.nii.gz,0.0|1.0
BraTS-MEN-RT-0433-1_t1c_bet_mask.nii.gz,0.0|1.0
BraTS-MEN-RT-0433-1_t1c_gtv_mask.nii.gz,0.0|1.0
BraTS-MEN-RT-0434-1_t1c_bet_mask.nii.gz,0.0|1.0
BraTS-MEN-RT-0434-1_t1c_gtv_mask.nii.gz,0.0|1.0
BraTS-MEN-RT-0436-1_t1c_bet_mask.nii.gz,0.0|1.0
BraTS-MEN-RT-0436-1_t1c_gtv_mask.nii.gz,0.0|1.0
BraTS-MEN-RT-0438-1_t1c_bet_mask.nii.gz,0.0|1.0
BraTS-MEN-RT-0438-1_t1c_gtv_mask.nii.gz,0.0|1.0
BraTS-MEN-RT-0439-1_t1c_bet_mask.nii.gz,0.0|1.0
BraTS-MEN-RT-0439-1_t1c_gtv_mask.nii.gz,0.0|1.0
BraTS-MEN-RT-0441-1_t1c_bet_mask.nii.gz,0.0|1.0
BraTS-MEN-RT-0441-1_t1c_gtv_mask.nii.gz,0.0|1.0
BraTS-MEN-RT-0442-1_t1c_bet_mask.nii.gz,0.0|1.0
BraTS-MEN-RT-0442-1_t1c_gtv_mask.nii.gz,0.0|1.0
BraTS-MEN-RT-0443-1_t1c_bet_mask.nii.gz,0.0|1.0
BraTS-MEN-RT-0443-1_t1c_gtv_mask.nii.gz,0.0|1.0
BraTS-MEN-RT-0445-1_t1c_bet_mask.nii.gz,0.0|1.0
BraTS-MEN-RT-0445-1_t1c_gtv_mask.nii.gz,0.0|1.0
BraTS-MEN-RT-0447-1_t1c_bet_mask.nii.gz,0.0|1.0
BraTS-MEN-RT-0447-1_t1c_gtv_mask.nii.gz,0.0|1.0
BraTS-MEN-RT-0448-1_t1c_bet_mask.nii.gz,0.0|1.0
BraTS-MEN-RT-0448-1_t1c_gtv_mask.nii.gz,0.0|1.0
BraTS-MEN-RT-0449-1_t1c_bet_mask.nii.gz,0.0|1.0
BraTS-MEN-RT-0449-1_t1c_gtv_mask.nii.gz,0.0|1.0
BraTS-MEN-RT-0450-1_t1c_bet_mask.nii.gz,0.0|1.0
BraTS-MEN-RT-0450-1_t1c_gtv_mask.nii.gz,0.0|1.0
BraTS-MEN-RT-0451-1_t1c_bet_mask.nii.gz,0.0|1.0
BraTS-MEN-RT-0451-1_t1c_gtv_mask.nii.gz,0.0|1.0
BraTS-MEN-RT-0452-1_t1c_bet_mask.nii.gz,0.0|1.0
BraTS-MEN-RT-0452-1_t1c_gtv_mask.nii.gz,0.0|1.0
BraTS-MEN-RT-0453-1_t1c_bet_mask.nii.gz,0.0|1.0
BraTS-MEN-RT-0453-1_t1c_gtv_mask.nii.gz,0.0|1.0
BraTS-MEN-RT-0454-1_t1c_bet_mask.nii.gz,0.0|1.0
BraTS-MEN-RT-0454-1_t1c_gtv_mask.nii.gz,0.0|1.0
BraTS-MEN-RT-0455-1_t1c_bet_mask.nii.gz,0.0|1.0
BraTS-MEN-RT-0455-1_t1c_gtv_mask.nii.gz,0.0|1.0
BraTS-MEN-RT-0456-1_t1c_bet_mask.nii.gz,0.0|1.0
BraTS-MEN-RT-0456-1_t1c_gtv_mask.nii.gz,0.0|1.0
BraTS-MEN-RT-0457-1_t1c_bet_mask.nii.gz,0.0|1.0
BraTS-MEN-RT-0457-1_t1c_gtv_mask.nii.gz,0.0|1.0
BraTS-MEN-RT-0458-1_t1c_bet_mask.nii.gz,0.0|1.0
BraTS-MEN-RT-0458-1_t1c_gtv_mask.nii.gz,0.0|1.0
BraTS-MEN-RT-0459-1_t1c_bet_mask.nii.gz,0.0|1.0
BraTS-MEN-RT-0459-1_t1c_gtv_mask.nii.gz,0.0|1.0
BraTS-MEN-RT-0460-1_t1c_bet_mask.nii.gz,0.0|1.0
BraTS-MEN-RT-0460-1_t1c_gtv_mask.nii.gz,0.0|1.0
BraTS-MEN-RT-0462-1_t1c_bet_mask.nii.gz,0.0|1.0
BraTS-MEN-RT-0462-1_t1c_gtv_mask.nii.gz,0.0|1.0
BraTS-MEN-RT-0463-1_t1c_bet_mask.nii.gz,0.0|1.0
BraTS-MEN-RT-0463-1_t1c_gtv_mask.nii.gz,0.0|1.0
BraTS-MEN-RT-0465-1_t1c_bet_mask.nii.gz,0.0|1.0
BraTS-MEN-RT-0465-1_t1c_gtv_mask.nii.gz,0.0|1.0
BraTS-MEN-RT-0466-1_t1c_bet_mask.nii.gz,0.0|1.0
BraTS-MEN-RT-0466-1_t1c_gtv_mask.nii.gz,0.0|1.0
BraTS-MEN-RT-0467-1_t1c_bet_mask.nii.gz,0.0|1.0
BraTS-MEN-RT-0467-1_t1c_gtv_mask.nii.gz,0.0|1.0
BraTS-MEN-RT-0468-1_t1c_bet_mask.nii.gz,0.0|1.0
BraTS-MEN-RT-0468-1_t1c_gtv_mask.nii.gz,0.0|1.0
BraTS-MEN-RT-0469-1_t1c_bet_mask.nii.gz,0.0|1.0
BraTS-MEN-RT-0469-1_t1c_gtv_mask.nii.gz,0.0|1.0
BraTS-MEN-RT-0470-1_t1c_bet_mask.nii.gz,0.0|1.0
BraTS-MEN-RT-0470-1_t1c_gtv_mask.nii.gz,0.0|1.0
BraTS-MEN-RT-0471-1_t1c_bet_mask.nii.gz,0.0|1.0
BraTS-MEN-RT-0471-1_t1c_gtv_mask.nii.gz,0.0|1.0
BraTS-MEN-RT-0473-1_t1c_bet_mask.nii.gz,0.0|1.0
BraTS-MEN-RT-0473-1_t1c_gtv_mask.nii.gz,0.0|1.0
BraTS-MEN-RT-0475-1_t1c_bet_mask.nii.gz,0.0|1.0
BraTS-MEN-RT-0475-1_t1c_gtv_mask.nii.gz,0.0|1.0
BraTS-MEN-RT-0478-1_t1c_bet_mask.nii.gz,0.0|1.0
BraTS-MEN-RT-0478-1_t1c_gtv_mask.nii.gz,0.0|1.0
BraTS-MEN-RT-0479-1_t1c_bet_mask.nii.gz,0.0|1.0
BraTS-MEN-RT-0479-1_t1c_gtv_mask.nii.gz,0.0|1.0
BraTS-MEN-RT-0481-1_t1c_bet_mask.nii.gz,0.0|1.0
BraTS-MEN-RT-0481-1_t1c_gtv_mask.nii.gz,0.0|1.0
BraTS-MEN-RT-0482-1_t1c_bet_mask.nii.gz,0.0|1.0
BraTS-MEN-RT-0482-1_t1c_gtv_mask.nii.gz,0.0|1.0
BraTS-MEN-RT-0483-1_t1c_bet_mask.nii.gz,0.0|1.0
BraTS-MEN-RT-0483-1_t1c_gtv_mask.nii.gz,0.0|1.0
BraTS-MEN-RT-0484-1_t1c_bet_mask.nii.gz,0.0|1.0
BraTS-MEN-RT-0484-1_t1c_gtv_mask.nii.gz,0.0|1.0
BraTS-MEN-RT-0485-1_t1c_bet_mask.nii.gz,0.0|1.0
BraTS-MEN-RT-0485-1_t1c_gtv_mask.nii.gz,0.0|1.0
BraTS-MEN-RT-0488-1_t1c_bet_mask.nii.gz,0.0|1.0
BraTS-MEN-RT-0488-1_t1c_gtv_mask.nii.gz,0.0|1.0
BraTS-MEN-RT-0489-1_t1c_bet_mask.nii.gz,0.0|1.0
BraTS-MEN-RT-0489-1_t1c_gtv_mask.nii.gz,0.0|1.0
BraTS-MEN-RT-0490-1_t1c_bet_mask.nii.gz,0.0|1.0
BraTS-MEN-RT-0490-1_t1c_gtv_mask.nii.gz,0.0|1.0
BraTS-MEN-RT-0491-1_t1c_bet_mask.nii.gz,0.0|1.0
BraTS-MEN-RT-0491-1_t1c_gtv_mask.nii.gz,0.0|1.0
BraTS-MEN-RT-0493-1_t1c_bet_mask.nii.gz,0.0|1.0
BraTS-MEN-RT-0493-1_t1c_gtv_mask.nii.gz,0.0|1.0
BraTS-MEN-RT-0497-1_t1c_bet_mask.nii.gz,0.0|1.0
BraTS-MEN-RT-0497-1_t1c_gtv_mask.nii.gz,0.0|1.0
BraTS-MEN-RT-0498-1_t1c_bet_mask.nii.gz,0.0|1.0
BraTS-MEN-RT-0498-1_t1c_gtv_mask.nii.gz,0.0|1.0
BraTS-MEN-RT-0500-1_t1c_bet_mask.nii.gz,0.0|1.0
BraTS-MEN-RT-0500-1_t1c_gtv_mask.nii.gz,0.0|1.0
BraTS-MEN-RT-0503-1_t1c_bet_mask.nii.gz,0.0|1.0
BraTS-MEN-RT-0503-1_t1c_gtv_mask.nii.gz,0.0|1.0
BraTS-MEN-RT-0505-1_t1c_bet_mask.nii.gz,0.0|1.0
BraTS-MEN-RT-0505-1_t1c_gtv_mask.nii.gz,0.0|1.0
BraTS-MEN-RT-0506-1_t1c_bet_mask.nii.gz,0.0|1.0
BraTS-MEN-RT-0506-1_t1c_gtv_mask.nii.gz,0.0|1.0
BraTS-MEN-RT-0507-1_t1c_bet_mask.nii.gz,0.0|1.0
BraTS-MEN-RT-0507-1_t1c_gtv_mask.nii.gz,0.0|1.0
BraTS-MEN-RT-0508-1_t1c_bet_mask.nii.gz,0.0|1.0
BraTS-MEN-RT-0508-1_t1c_gtv_mask.nii.gz,0.0|1.0
BraTS-MEN-RT-0509-1_t1c_bet_mask.nii.gz,0.0|1.0
BraTS-MEN-RT-0509-1_t1c_gtv_mask.nii.gz,0.0|1.0
BraTS-MEN-RT-0510-1_t1c_bet_mask.nii.gz,0.0|1.0
BraTS-MEN-RT-0510-1_t1c_gtv_mask.nii.gz,0.0|1.0
BraTS-MEN-RT-0513-1_t1c_bet_mask.nii.gz,0.0|1.0
BraTS-MEN-RT-0513-1_t1c_gtv_mask.nii.gz,0.0|1.0
BraTS-MEN-RT-0516-1_t1c_bet_mask.nii.gz,0.0|1.0
BraTS-MEN-RT-0516-1_t1c_gtv_mask.nii.gz,0.0|1.0
BraTS-MEN-RT-0517-1_t1c_bet_mask.nii.gz,0.0|1.0
BraTS-MEN-RT-0517-1_t1c_gtv_mask.nii.gz,0.0|1.0
BraTS-MEN-RT-0520-1_t1c_bet_mask.nii.gz,0.0|1.0
BraTS-MEN-RT-0520-1_t1c_gtv_mask.nii.gz,0.0|1.0
BraTS-MEN-RT-0522-1_t1c_bet_mask.nii.gz,0.0|1.0
BraTS-MEN-RT-0522-1_t1c_gtv_mask.nii.gz,0.0|1.0
BraTS-MEN-RT-0524-1_t1c_bet_mask.nii.gz,0.0|1.0
BraTS-MEN-RT-0524-1_t1c_gtv_mask.nii.gz,0.0|1.0
BraTS-MEN-RT-0526-1_t1c_bet_mask.nii.gz,0.0|1.0
BraTS-MEN-RT-0526-1_t1c_gtv_mask.nii.gz,0.0|1.0
BraTS-MEN-RT-0531-1_t1c_bet_mask.nii.gz,0.0|1.0
BraTS-MEN-RT-0531-1_t1c_gtv_mask.nii.gz,0.0|1.0
BraTS-MEN-RT-0533-1_t1c_bet_mask.nii.gz,0.0|1.0
BraTS-MEN-RT-0533-1_t1c_gtv_mask.nii.gz,0.0|1.0
BraTS-MEN-RT-0534-1_t1c_bet_mask.nii.gz,0.0|1.0
BraTS-MEN-RT-0534-1_t1c_gtv_mask.nii.gz,0.0|1.0
BraTS-MEN-RT-0536-1_t1c_bet_mask.nii.gz,0.0|1.0
BraTS-MEN-RT-0536-1_t1c_gtv_mask.nii.gz,0.0|1.0
BraTS-MEN-RT-0537-1_t1c_bet_mask.nii.gz,0.0|1.0
BraTS-MEN-RT-0537-1_t1c_gtv_mask.nii.gz,0.0|1.0
BraTS-MEN-RT-0542-1_t1c_bet_mask.nii.gz,0.0|1.0
BraTS-MEN-RT-0542-1_t1c_gtv_mask.nii.gz,0.0|1.0
BraTS-MEN-RT-0543-1_t1c_bet_mask.nii.gz,0.0|1.0
BraTS-MEN-RT-0543-1_t1c_gtv_mask.nii.gz,0.0|1.0
BraTS-MEN-RT-0544-1_t1c_bet_mask.nii.gz,0.0|1.0
BraTS-MEN-RT-0544-1_t1c_gtv_mask.nii.gz,0.0|1.0
BraTS-MEN-RT-0545-1_t1c_bet_mask.nii.gz,0.0|1.0
BraTS-MEN-RT-0545-1_t1c_gtv_mask.nii.gz,0.0|1.0
BraTS-MEN-RT-0546-1_t1c_bet_mask.nii.gz,0.0|1.0
BraTS-MEN-RT-0546-1_t1c_gtv_mask.nii.gz,0.0|1.0
BraTS-MEN-RT-0547-1_t1c_bet_mask.nii.gz,0.0|1.0
BraTS-MEN-RT-0547-1_t1c_gtv_mask.nii.gz,0.0|1.0
BraTS-MEN-RT-0548-1_t1c_bet_mask.nii.gz,0.0|1.0
BraTS-MEN-RT-0548-1_t1c_gtv_mask.nii.gz,0.0|1.0
BraTS-MEN-RT-0549-1_t1c_bet_mask.nii.gz,0.0|1.0
BraTS-MEN-RT-0549-1_t1c_gtv_mask.nii.gz,0.0|1.0
BraTS-MEN-RT-0550-1_t1c_bet_mask.nii.gz,0.0|1.0
BraTS-MEN-RT-0550-1_t1c_gtv_mask.nii.gz,0.0|1.0
BraTS-MEN-RT-0551-1_t1c_bet_mask.nii.gz,0.0|1.0
BraTS-MEN-RT-0551-1_t1c_gtv_mask.nii.gz,0.0|1.0
BraTS-MEN-RT-0554-1_t1c_bet_mask.nii.gz,0.0|1.0
BraTS-MEN-RT-0554-1_t1c_gtv_mask.nii.gz,0.0|1.0
BraTS-MEN-RT-0555-1_t1c_bet_mask.nii.gz,0.0|1.0
BraTS-MEN-RT-0555-1_t1c_gtv_mask.nii.gz,0.0|1.0
BraTS-MEN-RT-0557-1_t1c_bet_mask.nii.gz,0.0|1.0
BraTS-MEN-RT-0557-1_t1c_gtv_mask.nii.gz,0.0|1.0
BraTS-MEN-RT-0558-1_t1c_bet_mask.nii.gz,0.0|1.0
BraTS-MEN-RT-0558-1_t1c_gtv_mask.nii.gz,0.0|1.0
BraTS-MEN-RT-0559-1_t1c_bet_mask.nii.gz,0.0|1.0
BraTS-MEN-RT-0559-1_t1c_gtv_mask.nii.gz,0.0|1.0
BraTS-MEN-RT-0560-1_t1c_bet_mask.nii.gz,0.0|1.0
BraTS-MEN-RT-0560-1_t1c_gtv_mask.nii.gz,0.0|1.0
BraTS-MEN-RT-0561-1_t1c_bet_mask.nii.gz,0.0|1.0
BraTS-MEN-RT-0561-1_t1c_gtv_mask.nii.gz,0.0|1.0
BraTS-MEN-RT-0562-1_t1c_bet_mask.nii.gz,0.0|1.0
BraTS-MEN-RT-0562-1_t1c_gtv_mask.nii.gz,0.0|1.0
BraTS-MEN-RT-0564-1_t1c_bet_mask.nii.gz,0.0|1.0
BraTS-MEN-RT-0564-1_t1c_gtv_mask.nii.gz,0.0|1.0
BraTS-MEN-RT-0565-1_t1c_bet_mask.nii.gz,0.0|1.0
BraTS-MEN-RT-0565-1_t1c_gtv_mask.nii.gz,0.0|1.0
BraTS-MEN-RT-0566-1_t1c_bet_mask.nii.gz,0.0|1.0
BraTS-MEN-RT-0566-1_t1c_gtv_mask.nii.gz,0.0|1.0
BraTS-MEN-RT-0567-1_t1c_bet_mask.nii.gz,0.0|1.0
BraTS-MEN-RT-0567-1_t1c_gtv_mask.nii.gz,0.0|1.0
BraTS-MEN-RT-0569-1_t1c_bet_mask.nii.gz,0.0|1.0
BraTS-MEN-RT-0569-1_t1c_gtv_mask.nii.gz,0.0|1.0
BraTS-MEN-RT-0570-1_t1c_bet_mask.nii.gz,0.0|1.0
BraTS-MEN-RT-0570-1_t1c_gtv_mask.nii.gz,0.0|1.0
BraTS-MEN-RT-0573-1_t1c_bet_mask.nii.gz,0.0|1.0
BraTS-MEN-RT-0573-1_t1c_gtv_mask.nii.gz,0.0|1.0
BraTS-MEN-RT-0574-1_t1c_bet_mask.nii.gz,0.0|1.0
BraTS-MEN-RT-0574-1_t1c_gtv_mask.nii.gz,0.0|1.0
BraTS-MEN-RT-0578-1_t1c_bet_mask.nii.gz,0.0|1.0
BraTS-MEN-RT-0578-1_t1c_gtv_mask.nii.gz,0.0|1.0
BraTS-MEN-RT-0579-1_t1c_bet_mask.nii.gz,0.0|1.0
BraTS-MEN-RT-0579-1_t1c_gtv_mask.nii.gz,0.0|1.0
BraTS-MEN-RT-0580-1_t1c_bet_mask.nii.gz,0.0|1.0
BraTS-MEN-RT-0580-1_t1c_gtv_mask.nii.gz,0.0|1.0
BraTS-MEN-RT-0582-1_t1c_bet_mask.nii.gz,0.0|1.0
BraTS-MEN-RT-0582-1_t1c_gtv_mask.nii.gz,0.0|1.0
BraTS-MEN-RT-0583-1_t1c_bet_mask.nii.gz,0.0|1.0
BraTS-MEN-RT-0583-1_t1c_gtv_mask.nii.gz,0.0|1.0
BraTS-MEN-RT-0584-1_t1c_bet_mask.nii.gz,0.0|1.0
BraTS-MEN-RT-0584-1_t1c_gtv_mask.nii.gz,0.0|1.0
BraTS-MEN-RT-0585-1_t1c_bet_mask.nii.gz,0.0|1.0
BraTS-MEN-RT-0585-1_t1c_gtv_mask.nii.gz,0.0|1.0
BraTS-MEN-RT-0586-1_t1c_bet_mask.nii.gz,0.0|1.0
BraTS-MEN-RT-0586-1_t1c_gtv_mask.nii.gz,0.0|1.0
BraTS-MEN-RT-0587-1_t1c_bet_mask.nii.gz,0.0|1.0
BraTS-MEN-RT-0587-1_t1c_gtv_mask.nii.gz,0.0|1.0
BraTS-MEN-RT-0588-1_t1c_bet_mask.nii.gz,0.0|1.0
BraTS-MEN-RT-0588-1_t1c_gtv_mask.nii.gz,0.0|1.0
BraTS-MEN-RT-0589-1_t1c_bet_mask.nii.gz,0.0|1.0
BraTS-MEN-RT-0589-1_t1c_gtv_mask.nii.gz,0.0|1.0
BraTS-MEN-RT-0591-1_t1c_bet_mask.nii.gz,0.0|1.0
BraTS-MEN-RT-0591-1_t1c_gtv_mask.nii.gz,0.0|1.0
BraTS-MEN-RT-0593-1_t1c_bet_mask.nii.gz,0.0|1.0
BraTS-MEN-RT-0593-1_t1c_gtv_mask.nii.gz,0.0|1.0
BraTS-MEN-RT-0596-1_t1c_bet_mask.nii.gz,0.0|1.0
BraTS-MEN-RT-0596-1_t1c_gtv_mask.nii.gz,0.0|1.0
BraTS-MEN-RT-0598-1_t1c_bet_mask.nii.gz,0.0|1.0
BraTS-MEN-RT-0598-1_t1c_gtv_mask.nii.gz,0.0|1.0
BraTS-MEN-RT-0599-1_t1c_bet_mask.nii.gz,0.0|1.0
BraTS-MEN-RT-0599-1_t1c_gtv_mask.nii.gz,0.0|1.0
BraTS-MEN-RT-0600-1_t1c_bet_mask.nii.gz,0.0|1.0
BraTS-MEN-RT-0600-1_t1c_gtv_mask.nii.gz,0.0|1.0
BraTS-MEN-RT-0601-1_t1c_bet_mask.nii.gz,0.0|1.0
BraTS-MEN-RT-0601-1_t1c_gtv_mask.nii.gz,0.0|1.0
BraTS-MEN-RT-0603-1_t1c_bet_mask.nii.gz,0.0|1.0
BraTS-MEN-RT-0603-1_t1c_gtv_mask.nii.gz,0.0|1.0
BraTS-MEN-RT-0605-1_t1c_bet_mask.nii.gz,0.0|1.0
BraTS-MEN-RT-0605-1_t1c_gtv_mask.nii.gz,0.0|1.0
BraTS-MEN-RT-0607-1_t1c_bet_mask.nii.gz,0.0|1.0
BraTS-MEN-RT-0607-1_t1c_gtv_mask.nii.gz,0.0|1.0
BraTS-MEN-RT-0608-1_t1c_bet_mask.nii.gz,0.0|1.0
BraTS-MEN-RT-0608-1_t1c_gtv_mask.nii.gz,0.0|1.0
BraTS-MEN-RT-0609-1_t1c_bet_mask.nii.gz,0.0|1.0
BraTS-MEN-RT-0609-1_t1c_gtv_mask.nii.gz,0.0|1.0
BraTS-MEN-RT-0611-1_t1c_bet_mask.nii.gz,0.0|1.0
BraTS-MEN-RT-0611-1_t1c_gtv_mask.nii.gz,0.0|1.0
BraTS-MEN-RT-0612-1_t1c_bet_mask.nii.gz,0.0|1.0
BraTS-MEN-RT-0612-1_t1c_gtv_mask.nii.gz,0.0|1.0
BraTS-MEN-RT-0614-1_t1c_bet_mask.nii.gz,0.0|1.0
BraTS-MEN-RT-0614-1_t1c_gtv_mask.nii.gz,0.0|1.0
BraTS-MEN-RT-0615-1_t1c_bet_mask.nii.gz,0.0|1.0
BraTS-MEN-RT-0615-1_t1c_gtv_mask.nii.gz,0.0|1.0
BraTS-MEN-RT-0616-1_t1c_bet_mask.nii.gz,0.0|1.0
BraTS-MEN-RT-0616-1_t1c_gtv_mask.nii.gz,0.0|1.0
BraTS-MEN-RT-0617-1_t1c_bet_mask.nii.gz,0.0|1.0
BraTS-MEN-RT-0617-1_t1c_gtv_mask.nii.gz,0.0|1.0
BraTS-MEN-RT-0618-1_t1c_bet_mask.nii.gz,0.0|1.0
BraTS-MEN-RT-0618-1_t1c_gtv_mask.nii.gz,0.0|1.0
BraTS-MEN-RT-0619-1_t1c_bet_mask.nii.gz,0.0|1.0
BraTS-MEN-RT-0619-1_t1c_gtv_mask.nii.gz,0.0|1.0
BraTS-MEN-RT-0620-1_t1c_bet_mask.nii.gz,0.0|1.0
BraTS-MEN-RT-0620-1_t1c_gtv_mask.nii.gz,0.0|1.0
BraTS-MEN-RT-0623-1_t1c_bet_mask.nii.gz,0.0|1.0
BraTS-MEN-RT-0623-1_t1c_gtv_mask.nii.gz,0.0|1.0
BraTS-MEN-RT-0625-1_t1c_bet_mask.nii.gz,0.0|1.0
BraTS-MEN-RT-0625-1_t1c_gtv_mask.nii.gz,0.0|1.0
BraTS-MEN-RT-0028-1_t1c_bet_mask.nii.gz,0.0|1.0
BraTS-MEN-RT-0028-1_t1c_gtv_mask.nii.gz,0.0|1.0
BraTS-MEN-RT-0090-1_t1c_bet_mask.nii.gz,0.0|1.0
BraTS-MEN-RT-0090-1_t1c_gtv_mask.nii.gz,0.0|1.0
BraTS-MEN-RT-0100-1_t1c_bet_mask.nii.gz,0.0|1.0
BraTS-MEN-RT-0100-1_t1c_gtv_mask.nii.gz,0.0|1.0
BraTS-MEN-RT-0135-1_t1c_bet_mask.nii.gz,0.0|1.0
BraTS-MEN-RT-0135-1_t1c_gtv_mask.nii.gz,0.0|1.0
BraTS-MEN-RT-0152-1_t1c_bet_mask.nii.gz,0.0|1.0
BraTS-MEN-RT-0152-1_t1c_gtv_mask.nii.gz,0.0|1.0
BraTS-MEN-RT-0170-1_t1c_bet_mask.nii.gz,0.0|1.0
BraTS-MEN-RT-0170-1_t1c_gtv_mask.nii.gz,0.0|1.0
BraTS-MEN-RT-0172-1_t1c_bet_mask.nii.gz,0.0|1.0
BraTS-MEN-RT-0172-1_t1c_gtv_mask.nii.gz,0.0|1.0
BraTS-MEN-RT-0186-1_t1c_bet_mask.nii.gz,0.0|1.0
BraTS-MEN-RT-0186-1_t1c_gtv_mask.nii.gz,0.0|1.0
BraTS-MEN-RT-0187-1_t1c_bet_mask.nii.gz,0.0|1.0
BraTS-MEN-RT-0187-1_t1c_gtv_mask.nii.gz,0.0|1.0
BraTS-MEN-RT-0194-1_t1c_bet_mask.nii.gz,0.0|1.0
BraTS-MEN-RT-0194-1_t1c_gtv_mask.nii.gz,0.0|1.0
BraTS-MEN-RT-0195-1_t1c_bet_mask.nii.gz,0.0|1.0
BraTS-MEN-RT-0195-1_t1c_gtv_mask.nii.gz,0.0|1.0
BraTS-MEN-RT-0231-1_t1c_bet_mask.nii.gz,0.0|1.0
BraTS-MEN-RT-0231-1_t1c_gtv_mask.nii.gz,0.0|1.0
BraTS-MEN-RT-0242-1_t1c_bet_mask.nii.gz,0.0|1.0
BraTS-MEN-RT-0242-1_t1c_gtv_mask.nii.gz,0.0|1.0
BraTS-MEN-RT-0245-1_t1c_bet_mask.nii.gz,0.0|1.0
BraTS-MEN-RT-0245-1_t1c_gtv_mask.nii.gz,0.0|1.0
BraTS-MEN-RT-0254-1_t1c_bet_mask.nii.gz,0.0|1.0
BraTS-MEN-RT-0254-1_t1c_gtv_mask.nii.gz,0.0|1.0
BraTS-MEN-RT-0261-1_t1c_bet_mask.nii.gz,0.0|1.0
BraTS-MEN-RT-0261-1_t1c_gtv_mask.nii.gz,0.0|1.0
BraTS-MEN-RT-0267-1_t1c_bet_mask.nii.gz,0.0|1.0
BraTS-MEN-RT-0267-1_t1c_gtv_mask.nii.gz,0.0|1.0
BraTS-MEN-RT-0291-1_t1c_bet_mask.nii.gz,0.0|1.0
BraTS-MEN-RT-0291-1_t1c_gtv_mask.nii.gz,0.0|1.0
BraTS-MEN-RT-0296-1_t1c_bet_mask.nii.gz,0.0|1.0
BraTS-MEN-RT-0296-1_t1c_gtv_mask.nii.gz,0.0|1.0
BraTS-MEN-RT-0334-1_t1c_bet_mask.nii.gz,0.0|1.0
BraTS-MEN-RT-0334-1_t1c_gtv_mask.nii.gz,0.0|1.0
BraTS-MEN-RT-0337-1_t1c_bet_mask.nii.gz,0.0|1.0
BraTS-MEN-RT-0337-1_t1c_gtv_mask.nii.gz,0.0|1.0
BraTS-MEN-RT-0343-1_t1c_bet_mask.nii.gz,0.0|1.0
BraTS-MEN-RT-0343-1_t1c_gtv_mask.nii.gz,0.0|1.0
BraTS-MEN-RT-0348-1_t1c_bet_mask.nii.gz,0.0|1.0
BraTS-MEN-RT-0348-1_t1c_gtv_mask.nii.gz,0.0|1.0
BraTS-MEN-RT-0364-1_t1c_bet_mask.nii.gz,0.0|1.0
BraTS-MEN-RT-0364-1_t1c_gtv_mask.nii.gz,0.0|1.0
BraTS-MEN-RT-0376-1_t1c_bet_mask.nii.gz,0.0|1.0
BraTS-MEN-RT-0376-1_t1c_gtv_mask.nii.gz,0.0|1.0
BraTS-MEN-RT-0396-1_t1c_bet_mask.nii.gz,0.0|1.0
BraTS-MEN-RT-0396-1_t1c_gtv_mask.nii.gz,0.0|1.0
BraTS-MEN-RT-0404-1_t1c_bet_mask.nii.gz,0.0|1.0
BraTS-MEN-RT-0404-1_t1c_gtv_mask.nii.gz,0.0|1.0
BraTS-MEN-RT-0417-1_t1c_bet_mask.nii.gz,0.0|1.0
BraTS-MEN-RT-0417-1_t1c_gtv_mask.nii.gz,0.0|1.0
BraTS-MEN-RT-0428-1_t1c_bet_mask.nii.gz,0.0|1.0
BraTS-MEN-RT-0428-1_t1c_gtv_mask.nii.gz,0.0|1.0
BraTS-MEN-RT-0435-1_t1c_bet_mask.nii.gz,0.0|1.0
BraTS-MEN-RT-0435-1_t1c_gtv_mask.nii.gz,0.0|1.0
BraTS-MEN-RT-0440-1_t1c_bet_mask.nii.gz,0.0|1.0
BraTS-MEN-RT-0440-1_t1c_gtv_mask.nii.gz,0.0|1.0
BraTS-MEN-RT-0444-1_t1c_bet_mask.nii.gz,0.0|1.0
BraTS-MEN-RT-0444-1_t1c_gtv_mask.nii.gz,0.0|1.0
BraTS-MEN-RT-0464-1_t1c_bet_mask.nii.gz,0.0|1.0
BraTS-MEN-RT-0464-1_t1c_gtv_mask.nii.gz,0.0|1.0
BraTS-MEN-RT-0476-1_t1c_bet_mask.nii.gz,0.0|1.0
BraTS-MEN-RT-0476-1_t1c_gtv_mask.nii.gz,0.0|1.0
BraTS-MEN-RT-0486-1_t1c_bet_mask.nii.gz,0.0|1.0
BraTS-MEN-RT-0486-1_t1c_gtv_mask.nii.gz,0.0|1.0
BraTS-MEN-RT-0495-1_t1c_bet_mask.nii.gz,0.0|1.0
BraTS-MEN-RT-0495-1_t1c_gtv_mask.nii.gz,0.0|1.0
BraTS-MEN-RT-0519-1_t1c_bet_mask.nii.gz,0.0|1.0
BraTS-MEN-RT-0519-1_t1c_gtv_mask.nii.gz,0.0|1.0
BraTS-MEN-RT-0525-1_t1c_bet_mask.nii.gz,0.0|1.0
BraTS-MEN-RT-0525-1_t1c_gtv_mask.nii.gz,0.0|1.0
BraTS-MEN-RT-0528-1_t1c_bet_mask.nii.gz,0.0|1.0
BraTS-MEN-RT-0528-1_t1c_gtv_mask.nii.gz,0.0|1.0
BraTS-MEN-RT-0532-1_t1c_bet_mask.nii.gz,0.0|1.0
BraTS-MEN-RT-0532-1_t1c_gtv_mask.nii.gz,0.0|1.0
BraTS-MEN-RT-0539-1_t1c_bet_mask.nii.gz,0.0|1.0
BraTS-MEN-RT-0539-1_t1c_gtv_mask.nii.gz,0.0|1.0
BraTS-MEN-RT-0553-1_t1c_bet_mask.nii.gz,0.0|1.0
BraTS-MEN-RT-0553-1_t1c_gtv_mask.nii.gz,0.0|1.0
BraTS-MEN-RT-0572-1_t1c_bet_mask.nii.gz,0.0|1.0
BraTS-MEN-RT-0572-1_t1c_gtv_mask.nii.gz,0.0|1.0
BraTS-MEN-RT-0594-1_t1c_bet_mask.nii.gz,0.0|1.0
BraTS-MEN-RT-0594-1_t1c_gtv_mask.nii.gz,0.0|1.0
BraTS-MEN-RT-0621-1_t1c_bet_mask.nii.gz,0.0|1.0
BraTS-MEN-RT-0621-1_t1c_gtv_mask.nii.gz,0.0|1.0
